datum,M01AB,M01AE,N02BA,N02BE,N05B,N05C,R03,R06
2014-01-31,132.02,99.75000000000003,154.59999999999997,915.03,360.0,50.0,115.0,52.2
2014-02-28,133.32,126.0500000000001,176.99999999999997,1001.9000000000001,347.0,31.0,122.0,36.2
2014-03-31,137.44000000000005,92.95000000000007,147.655,779.275,232.0,20.0,112.0,85.4
2014-04-30,119.44000000000004,91.47500000000002,132.89999999999998,718.5000000000001,216.0,18.0,97.0,77.7
2014-05-31,103.46000000000002,125.933,135.10000000000002,640.7800000000001,273.0,23.0,108.0,127.69999999999999
2014-06-30,112.07000000000002,94.71000000000006,122.9,548.225,323.0,23.0,57.0,109.3
2014-07-31,117.06000000000002,95.01000000000012,129.3,491.9,348.0,21.0,61.0,69.1
2014-08-31,134.79000000000005,99.7800000000001,123.8,583.8499999999999,420.0,29.0,37.0,70.80000000000001
2014-09-30,108.78000000000003,109.0940000000001,122.09999999999998,887.8199999999999,399.0,14.0,115.0,58.8
2014-10-31,151.97500000000002,185.7206875000001,193.66249999999997,1830.0931249999994,469.9375,29.375,179.0,74.6125
2014-11-30,138.08000000000004,100.86000000000004,142.7,723.8,489.0,19.0,112.0,45.2
2014-12-31,143.9,130.30200000000002,113.324,1036.16,525.0,26.0,163.0,35.4
2015-01-31,142.58,145.08499999999998,148.89999999999998,1096.3400000000001,478.0,24.0,216.25,46.3
2015-02-28,115.71,123.73999999999997,131.83,953.252,243.0,9.0,208.0,47.0
2015-03-31,156.04000000000005,129.38599999999997,133.8,1084.8500000000001,208.0,13.0,195.0,54.0
2015-04-30,157.84,104.45500000000004,122.1,1013.6700000000002,197.0,5.0,97.0,124.4
2015-05-31,160.02,119.11700000000006,136.04,765.9000000000001,194.0,10.0,100.0,159.5
2015-06-30,151.87000000000003,113.69,145.46,746.788,217.0,12.0,193.0,125.79999999999998
2015-07-31,175.61000000000004,113.81000000000002,125.5,708.8280000000001,203.0,6.0,60.0,130.3
2015-08-31,181.69000000000003,144.51900000000003,133.4,790.788,265.5,15.0,45.0,83.7
2015-09-30,166.22000000000008,134.12200000000004,110.4,852.125,243.5,11.0,91.0,71.0
2015-10-31,195.81000000000014,127.23099999999998,146.20000000000002,1574.3350000000007,222.0,8.0,184.0,72.0
2015-11-30,152.78000000000006,128.233,145.90000000000003,1277.725,228.0,18.0,195.0,44.0
2015-12-31,168.13999999999996,134.491,141.99999999999997,1293.399,289.0,28.0,243.0,42.73
2016-01-31,188.31000000000006,138.458,187.00000000000006,1616.524,256.0,26.0,180.0,58.5
2016-02-29,173.81000000000003,137.528,134.20000000000002,1224.8620000000003,239.0,20.0,245.0,58.0
2016-03-31,156.64000000000004,180.5890000000001,148.4,1150.7000000000003,250.0,13.0,253.0,97.84
2016-04-30,166.6100000000001,146.52600000000007,147.7,998.3370000000003,318.0,18.0,216.0,162.39999999999998
2016-05-31,171.35999999999999,127.52100000000002,131.54999999999998,1018.5499999999998,281.0,19.0,135.0,142.1
2016-06-30,169.67000000000002,114.961,117.75,760.05,311.0,20.0,127.0,134.8
2016-07-31,203.97000000000017,141.01900000000003,137.89999999999998,652.3619999999999,240.0,8.0,109.0,116.83
2016-08-31,211.13000000000017,114.37499999999997,132.7,753.0500000000002,275.5,12.0,116.0,85.3
2016-09-30,172.96000000000004,126.21799999999995,116.7,1118.699,307.0,18.0,121.0,69.3
2016-10-31,186.7600000000001,142.0560000000001,160.15,1617.275000000001,312.0,11.0,220.0,60.9
2016-11-30,175.18000000000012,116.84999999999997,133.85000000000002,1062.6860000000004,246.0,27.0,150.0,51.199999999999996
2016-12-31,172.66000000000003,140.05599999999998,134.68399999999997,1670.9350000000002,263.0,21.0,281.0,38.9
2017-01-31,184.53000000000006,156.55999999999997,122.1,1462.8120000000001,247.0,24.0,198.0,42.1
2017-02-28,151.985,124.96900000000002,128.14999999999998,709.9119999999999,157.875,7.0,126.0,34.6
2017-03-31,162.85000000000002,111.055,107.35000000000001,612.5000000000002,165.0,9.0,139.0,100.1
2017-04-30,160.61000000000004,105.261,100.49999999999999,588.1999999999999,135.0,9.0,216.0,127.39999999999999
2017-05-31,143.66,118.12500000000006,98.95,547.9399999999998,148.0,23.0,128.0,161.81
2017-06-30,122.33,103.00599999999999,119.6,496.1,163.0,8.0,163.0,151.89999999999998
2017-07-31,159.67,116.20600000000003,75.19999999999999,479.34999999999997,219.0,15.0,115.0,81.1
2017-08-31,170.14999999999998,112.47,84.4,549.3,239.0,12.0,75.0,60.1
2017-09-30,138.33,118.71100000000004,88.14999999999998,863.7500000000002,223.0,23.0,139.0,66.9
2017-10-31,140.97,93.80300000000001,102.39999999999999,1241.95,233.0,15.0,252.0,52.0
2017-11-30,163.85000000000005,119.78000000000003,104.45,867.8990000000001,192.0,15.0,196.0,46.599999999999994
2017-12-31,162.51,123.762,118.14999999999999,1064.08,234.0,6.0,209.0,49.1
2018-01-31,151.44000000000003,116.281,109.15000000000002,1255.1250000000002,240.0,11.0,222.0,54.0
2018-02-28,128.36,132.80400000000014,114.65000000000002,1255.3740000000007,268.0,12.0,253.0,39.06
2018-03-31,146.16,111.76400000000001,122.30000000000001,999.1230000000004,381.0,42.0,269.0,85.5
2018-04-30,171.02000000000004,110.48199999999999,85.60000000000001,854.237,297.0,22.0,229.0,201.1
2018-05-31,160.52000000000004,103.52199999999999,89.39999999999999,644.6480000000004,259.0,13.0,192.0,213.04000000000002
2018-06-30,141.18,114.22600000000004,86.80000000000001,584.343,248.0,18.0,101.0,120.8
2018-07-31,150.18,132.54900000000006,87.2,679.3499999999999,283.0,19.0,90.0,122.2
2018-08-31,140.00000000000003,114.71900000000005,88.25,733.838,253.0,20.0,159.0,103.1
2018-09-30,153.52,114.99200000000008,86.5,1058.2620000000002,263.0,12.0,205.0,88.10000000000001
2018-10-31,144.71000000000004,129.4000000000001,76.05000000000001,1129.2749999999999,287.0,25.0,353.0,76.9
2018-11-30,172.29000000000005,105.48700000000004,102.14999999999999,995.15,252.2,22.0,311.0,48.400000000000006
2018-12-31,167.88000000000002,122.26699999999998,91.75000000000001,1360.95,271.0,32.0,432.0,60.099999999999994
2019-01-31,184.71000000000004,240.34400000000016,109.6,1822.7740000000001,318.2,24.0,392.0,43.3
2019-02-28,133.73000000000002,142.15500000000014,110.19999999999996,1001.2120000000003,249.39999999999998,12.0,226.0,69.5
2019-03-31,154.52000000000004,113.11800000000004,83.35000000000001,941.05,301.4,19.0,257.0,169.49999999999997
2019-04-30,169.40000000000003,112.12300000000003,96.09999999999998,689.0500000000001,317.4,22.0,266.0,190.6
2019-05-31,168.04000000000005,97.25800000000004,104.1,703.5620000000001,265.79999999999995,26.0,322.0,135.4
2019-06-30,151.5400000000001,101.62700000000005,103.2,609.9999999999999,193.0,25.0,142.0,156.04
2019-07-31,181.0,103.54100000000005,92.8,649.8,250.60000000000002,20.0,115.0,105.2
2019-08-31,181.91000000000008,88.26900000000003,84.19999999999999,518.0999999999999,237.0,26.0,145.0,97.3
2019-09-30,161.07000000000005,111.43700000000007,93.49999999999999,984.4799999999999,227.79999999999998,16.0,161.0,109.1
2019-10-31,44.370000000000005,37.3,20.65,295.15000000000003,86.0,7.0,37.0,11.129999999999999
